{
    "tg1": {
        "x": [
            1019.920940274363,
            1039.8158316530137,
            1059.6518453011456,
            1079.2482468472915,
            1098.8367506783432,
            1118.4496571896962,
            1138.004691182683,
            1157.675528004206,
            1177.5626582428265,
            1197.385911730328,
            1217.1368948831664,
            1237.0202684824133,
            1256.8260041201736,
            1276.4949823647519,
            1296.4843425003821,
            1316.9215835582738,
            1337.1814191520366,
            1356.9993689977994,
            1376.496412402919,
            1395.8411558214177,
            1415.0500774552947,
            1434.5966786523916,
            1454.5394285175557,
            1474.3922942177749,
            1494.118796748744,
            1513.7030733968602,
            1533.3122191279404,
            1553.1669822012877,
            1573.1504111716324,
            1593.4229425236892,
            1614.3410212487088,
            1635.6753156402508,
            1657.2181990618133,
            1678.749046779469,
            1699.9000492777463,
            1720.786346246524,
            1741.6258269048565,
            1762.6013165367701,
            1783.8105838189879,
            1805.059837447952,
            1826.1590708173335,
            1846.8303060341466,
            1867.1634217328913,
            1887.1381901292941,
            1906.8387325850435,
            1926.5355490476916,
            1946.290440700068,
            1966.1096792368737,
            1985.6746653329992,
            2005.2269822227126
        ],
        "y": [
            1020.0547616579447,
            1040.004286049461,
            1059.9746153452343,
            1080.3178229979276,
            1101.0099690812215,
            1122.085189456628,
            1143.2885781602802,
            1164.3330711298513,
            1185.365730260352,
            1206.3043399276023,
            1226.8068037712212,
            1246.8078242878569,
            1266.7068185813864,
            1286.566665540057,
            1306.0549246450187,
            1325.619175270196,
            1345.737680253632,
            1366.2499793608772,
            1387.0802473087676,
            1407.9167226260329,
            1428.847253690469,
            1449.5747325324353,
            1469.6076697185508,
            1489.622165476538,
            1509.579208245495,
            1529.0684738524958,
            1548.0952840675668,
            1566.8624937760737,
            1585.629429252702,
            1604.4315661442308,
            1623.5157045515455,
            1642.6453374964146,
            1661.7236494132658,
            1680.4958070093119,
            1698.9741793642484,
            1717.5413820341043,
            1736.205392394726,
            1755.2842313314543,
            1774.9109396031008,
            1795.065923423055,
            1815.4889921975025,
            1835.921170441529,
            1856.3920007335112,
            1877.0553272385425,
            1897.7588232543212,
            1918.198355333278,
            1938.3022543077516,
            1958.3874568840245,
            1978.5386602437295,
            1998.6434260920403
        ],
        "dt": 2
    },
    "tg2": {
        "x": [
            1019.8655511299636,
            1039.6298939148635,
            1059.5976638768195,
            1079.826906383462,
            1100.2844591142646,
            1121.0158921878804,
            1141.4046993406002,
            1161.4504861198682,
            1181.907614833347,
            1202.9175196998574,
            1224.3063924484668,
            1245.7758777572558,
            1267.1685138487394,
            1288.3374097678757,
            1309.4350729426108,
            1330.5956788821263,
            1351.7870658218926,
            1372.9094556678867,
            1394.019579582295,
            1415.355214870351,
            1437.1131248432948,
            1459.3077724067348,
            1481.705538954184,
            1504.0925504321829,
            1525.9898848179962,
            1547.4462665487547,
            1568.6921680466419,
            1589.5938863272418,
            1610.6589948990825,
            1631.9986651999664,
            1653.4689716795385,
            1674.8076407616004,
            1695.6537301664512,
            1716.4046526376126,
            1737.141333915205,
            1757.6010651568192,
            1777.7652283220664,
            1798.1121436247442,
            1818.7894983552346,
            1839.5902196429772,
            1860.6978921638577,
            1882.0665884967696,
            1903.750315382354,
            1925.7895202970246,
            1948.1109329903634,
            1970.6259143752418,
            1992.6481042205746,
            2014.4013227081582,
            2036.4706338072715,
            2058.9099154384135
        ],
        "y": [
            1980.2613675316595,
            1960.7143530166309,
            1940.857406714247,
            1920.734578608163,
            1900.6588065812143,
            1880.975371565958,
            1862.093603593674,
            1844.0561908987802,
            1826.262241838683,
            1808.146181283221,
            1789.6948685004993,
            1771.2808746861353,
            1752.990796515404,
            1734.5639338432463,
            1715.8090968325441,
            1696.8665477694099,
            1677.9877926800884,
            1659.2879375859534,
            1640.9736284217704,
            1622.8244178928019,
            1604.955957452527,
            1587.5611100179046,
            1570.6173294928892,
            1554.097251644107,
            1538.050189698802,
            1522.2180701847328,
            1506.331422336063,
            1490.650086391024,
            1475.4373363136754,
            1460.4420161199625,
            1445.551561851056,
            1430.8714436101075,
            1416.3320640329057,
            1402.0035588016483,
            1387.819233326832,
            1373.9351132771997,
            1359.9706650328628,
            1345.8958053754611,
            1331.8060819335606,
            1317.3013125124376,
            1302.0735585362127,
            1286.343028968421,
            1270.737514838805,
            1255.3126951645768,
            1239.9837793608724,
            1224.8911590404057,
            1209.8539096815819,
            1194.6890787618395,
            1179.582973057872,
            1164.7204751468942
        ],
        "dt": 2
    }
}